{"accuracy": 0.9814814814814815, "recall": 0.9814814814814814, "precision": 0.9814814814814814, "f1": 0.9814814814814814}